序号,链接,节点数
0,http://211.161.103.206,1
1,http://clash.554556.xyz,162
2,http://clash.phpman.top,1
3,http://external-confluence.pimax.com,1
4,http://mjj.oldzhg.com,82
5,http://pool.cfip.nyc.mn,19
6,https://088EA81A-3547-85E0-4AF6-DFCB3C6674AA.372372.xyz/api/v1/client/subscribe?token=d3065c795c0ea07c325756a2515708d9,25
7,https://NcLAhc.subxly.cfd:8443/api/v1/client/e5af9bc2d642948f3a0ee39d4a86a5d8,2
8,https://chromego-sub.netlify.app/sub/merged_proxies_new.yaml,62
9,https://clash.phpman.top,1
10,https://d7b12d59-21aa-9561-087f-89c834ac7fe8.372372.xyz/api/v1/client/subscribe?token=5d8d7e20b02946587c9db997b91e3fcc,25
11,https://d7b12d59-21aa-9561-087f-89c834ac7fe8.372372.xyz/api/v1/client/subscribe?token=5d8d7e20b02946587c9db997b91e3fcc&amp;amp;flag=shadowrocket,25
12,https://fastly.jsdelivr.net/gh/chengaopan/AutoMergePublicNodes@master/list.txt,69
13,https://gist.githubusercontent.com/175shh/1a7794570801900a07c489f264cfa4cd/raw/c3d3190cc43965a0b92df364a7c90e32680fc2a3/clash.yaml,31
14,https://gist.githubusercontent.com/AGZZY11/b9909600715c43c740d818881b29f5dc/raw/6037ecb60b7ef912e9811d5366fd907ea7189ed3/clash.yaml,98
15,https://gist.githubusercontent.com/JasonSong888/0f6b7a7257b11588a2396ebde87172e7/raw/abac073fec95e28bb5543f08950ed2d8e2993fd0/all.yaml,309
16,https://gist.githubusercontent.com/Lkwang88/e17991efa9a7dcd87a2ce496355b1678/raw/94d0d68fd4a25516f19b5495cc53c8ac1abdb9fe/PIA,38
17,https://gist.githubusercontent.com/czyt/0e55944ee55a1c8429e0089c1bd96289/raw/0b25f35dd0c0703ee119add18d58328c1dc97526/proxies.yaml,91
18,https://gist.githubusercontent.com/fansiphone/ccff3b9d505935afdc55356241a099fb/raw/e308754ad6962370a8e0245724658f55c79bc09a/qb.yaml,101
19,https://gist.githubusercontent.com/sucan2233/7c426c2d0494ce074d41852e509be155/raw/67f2bc1d35f85a2b085a946c2a44df439005ecc9/clash.yaml,384
20,https://gist.githubusercontent.com/wu-mx/0c23011b99cd4e84cd3fb1f10fd8a002/raw/d452d9f42a8aafcf46c08d4e5ff7c0bb32a06e5c/Paily_Connect_Insider.yaml,131
21,https://gist.githubusercontent.com/ye4241/1c93c56cd514a757cb8239b52bae3c68/raw/295ddba8e12b2d26c415d26a4184d59e5001862e/clash.yaml,118
22,https://gist.githubusercontent.com/yinqf/9da6c7fe6c8b520c6a142d27bfecd2f6/raw/6ddf1ba8d3b42138a4ebe7558129c1116bbc1729/clash.yaml,27
23,https://github.com/mahdibland/V2RayAggregator/raw/master/sub/sub_merge_yaml.yml,5064
24,https://iBrRN.subxly.cfd:8443/api/v1/client/ebb722159ee310256e954e847a53f51f,2
25,https://iuiu.lovebabyforever.workers.dev/,85
26,https://onlysub.mjurl.com/api/v1/client/subscribe?token=24691c7db62c4214d6e96ff128da0b6f,42
27,https://onlysub.mjurl.com/api/v1/client/subscribe?token=24691c7db62c4214d6e96ff128da0b6f&amp;@Violet_99,42
28,https://onlysub.mjurl.com/api/v1/client/subscribe?token=24691c7db62c4214d6e96ff128da0b6f&amp;@mrbeemhy,42
29,https://pool.cfip.nyc.mn,19
30,https://proxypool.link/clash/proxies,120
31,https://raw.githubusercontent.com/AzadNetCH/Clash/refs/heads/main/AzadNet_iOS.txt,6
32,https://raw.githubusercontent.com/Barabama/FreeNodes/main/nodes/clashmeta.txt,16
33,https://raw.githubusercontent.com/Barabama/FreeNodes/main/nodes/ndnode.txt,14
34,https://raw.githubusercontent.com/Barabama/FreeNodes/master/nodes/blues.txt,539
35,https://raw.githubusercontent.com/Barabama/FreeNodes/master/nodes/merged.txt,327
36,https://raw.githubusercontent.com/Barabama/FreeNodes/master/nodes/yudou66.txt,193
37,https://raw.githubusercontent.com/Barabama/FreeNodes/master/nodes/zyfxs.txt,163
38,https://raw.githubusercontent.com/Leon406/SubCrawler/73a739dcf72baec8a55e903ad7d19584a77e6e28/sub/share/a11,377
39,https://raw.githubusercontent.com/Pawdroid/Free-servers/refs/heads/main/sub,6
40,https://raw.githubusercontent.com/Q3dlaXpoaQ/V2rayN_Clash_Node_Getter/refs/heads/main/APIs/sc0.yaml,152
41,https://raw.githubusercontent.com/Ruk1ng001/freeSub/main/clash.yaml,500
42,https://raw.githubusercontent.com/SoliSpirit/v2ray-configs/main/all_configs.txt,8152
43,https://raw.githubusercontent.com/Surfboardv2ray/TGParse/main/python/hy2,7
44,https://raw.githubusercontent.com/Surfboardv2ray/TGParse/main/python/hysteria2,34
45,https://raw.githubusercontent.com/actionsfz/v2ray/refs/heads/master/all.yaml,91
46,https://raw.githubusercontent.com/acymz/AutoVPN/main/data/V2.txt,173
47,https://raw.githubusercontent.com/chengaopan/AutoMergePublicNodes/master/list.txt,58
48,https://raw.githubusercontent.com/ebrasha/free-v2ray-public-list/main/V2Ray-Config-By-EbraSha-All-Type.txt,6106
49,https://raw.githubusercontent.com/firefoxmmx2/v2rayshare_subcription/main/subscription/clash_sub.yaml,26
50,https://raw.githubusercontent.com/go4sharing/sub/main/sub.yaml,46
51,https://raw.githubusercontent.com/ljsshd/aggregator/main/data/clash.yaml,57
52,https://raw.githubusercontent.com/mahdibland/SSAggregator/master/sub/airport_sub_merge.txt,61
53,https://raw.githubusercontent.com/mahdibland/SSAggregator/master/sub/sub_merge.txt,5022
54,https://raw.githubusercontent.com/mfuu/v2ray/master/v2ray,182
55,https://raw.githubusercontent.com/peasoft/NoMoreWalls/master/list_raw.txt,147
56,https://raw.githubusercontent.com/qjlxg/aggregator/main/data/clash.yaml,3835
57,https://raw.githubusercontent.com/ripaojiedian/freenode/main/clash,14
58,https://raw.githubusercontent.com/ripaojiedian/freenode/main/sub,14
59,https://raw.githubusercontent.com/ronghuaxueleng/get_v2/main/pub/combine.yaml,187
60,https://raw.githubusercontent.com/snakem982/proxypool/main/source/clash-meta.yaml,29
61,https://raw.githubusercontent.com/snakem982/proxypool/main/source/v2ray-2.txt,54
62,https://raw.githubusercontent.com/vxiaov/free_proxies/main/clash/clash.provider.yaml,28
63,https://raw.githubusercontent.com/wangyingbo/v2rayse_sub/80c236985d2cc3a849cbbe6f83d713e7209faca6/wzdnzd_aggregator_sub/merged.txt,261
64,https://raw.githubusercontent.com/xiaoji235/airport-free/main/v2ray.txt,648
65,https://raw.githubusercontent.com/xiaomayi0804/ding/refs/heads/main/vip-jd,48
66,https://raw.githubusercontent.com/xiaomayi0804/ding/refs/heads/main/vip-jd1,10
67,https://raw.githubusercontent.com/zhangkaiitugithub/passcro/main/speednodes.yaml,25
68,https://update.glados-config.com/mihomo/543454/7b9d17e/80064/glados.yaml,1
69,https://warpip.irss.eu.org,15
70,https://warpym.irss.eu.org,15
71,https://wj-kc.com/api/subscript/clash/678ac102af4d30ab037fcce5/c808f978-856d-49fe-8fd8-8e4a21793956,1
72,https://www.xrayvip.com/free.txt,20
73,dynamic://peasoft,0

总计,,17101
